{"1": [{"cam_R_m2c": [0.5925150798931789, 0.4786042140526244, 0.6479690474013792, 0.6222542146412388, -0.7827615942068612, 0.009164005453264219, 0.5115912161681753, 0.3977716592792466, -0.7616115378680919], "cam_t_m2c": [3.136370430300345, 2.4075482410238815, 413.76194226938173], "obj_id": 1}], "2": [{"cam_R_m2c": [0.8252649026392407, 0.37193336187467924, 0.4249746048841552, 0.5518148132487808, -0.6911711679301883, -0.46667207812472505, 0.12015927908848655, 0.6196353693476633, -0.7756376452328247], "cam_t_m2c": [0.6896831880625278, -3.4240262661275738, 413.43255208527347], "obj_id": 1}], "3": [{"cam_R_m2c": [0.7845339439112319, 0.6200465790496953, 0.006980734908175824, 0.48117456880235604, -0.6016436264868777, -0.6375703734064239, -0.39112341426840647, 0.5035545516788821, -0.7703604924283862], "cam_t_m2c": [-5.325031568479592, -5.673514192566022, 414.5875959876302], "obj_id": 1}], "4": [{"cam_R_m2c": [0.5561182508447098, 0.7220659108989983, -0.41152559020675794, 0.5507357816146707, -0.6910015160404874, -0.4681954759275482, -0.6224327995267368, 0.03373018154925342, -0.7819460882477539], "cam_t_m2c": [-10.515253389594545, -3.5371393442788284, 416.5471759379181], "obj_id": 1}], "5": [{"cam_R_m2c": [0.6074845876075614, 0.47636362612857486, -0.6356415432623234, 0.6218488138092358, -0.7831020761570472, 0.007429070101258469, -0.49423327344821344, -0.3997859852722957, -0.7719485976388076], "cam_t_m2c": [-12.460010480366636, 1.9800003361674872, 417.99439955356854], "obj_id": 1}], "6": [{"cam_R_m2c": [0.8334603849026612, 0.3738301914749782, -0.4069333787485246, 0.54345923821591, -0.6877884085039209, 0.48124750547452766, -0.0999792138181544, -0.6222524351655572, -0.7764058627643399], "cam_t_m2c": [-10.263385679079068, 7.239602585898373, 418.48428270615403], "obj_id": 1}], "7": [{"cam_R_m2c": [0.7810282960802116, 0.6244248511497005, 0.009402445890191694, 0.47000468056164674, -0.5976606845835924, 0.6495362240500578, 0.411206032266284, -0.5028869767351054, -0.7602725088138098], "cam_t_m2c": [-6.817178030606394, 9.309739144716513, 417.4396313448162], "obj_id": 1}], "8": [{"cam_R_m2c": [0.5434038164338798, 0.7244824193945302, 0.42407253657050603, 0.5425655155936011, -0.6885796370775598, 0.4811244586286892, 0.6405739251434706, -0.03135773254505258, -0.7672559801239216], "cam_t_m2c": [-2.1946979311117456, 7.9373410454452715, 414.82151193687014], "obj_id": 1}], "9": [{"cam_R_m2c": [0.7313007464013792, 0.5851510776725738, 0.3504246489780814, 0.6221425435926152, -0.7828535452875907, 0.008887186436739261, 0.2795315255295664, 0.2115148763782011, -0.9365487618409559], "cam_t_m2c": [-2.372613202063615, 2.306038841080302, 412.8532803244859], "obj_id": 1}], "10": [{"cam_R_m2c": [0.7839460533298042, 0.6207730609138359, 0.008330204816895372, 0.5870106765105092, -0.7368075140763615, -0.33545961435515326, -0.20210653411333265, 0.2678721598902882, -0.9420177571704307], "cam_t_m2c": [-5.959436146256539, -1.8288313521114201, 413.3619516913801], "obj_id": 1}], "11": [{"cam_R_m2c": [0.7400924945074481, 0.5844896194536806, -0.33261837640851205, 0.6217562769872177, -0.7831776022949735, 0.007209389051174432, -0.2562854494518378, -0.21214317810006397, -0.9430339550540444], "cam_t_m2c": [-9.941083341305138, 2.231786920887871, 415.3448977803464], "obj_id": 1}], "12": [{"cam_R_m2c": [0.7818476118311314, 0.6233856932327709, 0.010226893304165175, 0.5811785064653096, -0.7346537932702194, 0.3500219245367507, 0.22571188603323106, -0.2677201552112524, -0.9366856799359037], "cam_t_m2c": [-6.871938637219827, 6.20620996057644, 414.8037629505558], "obj_id": 1}], "13": [{"cam_R_m2c": [0.783023411114276, 0.6219199938504384, 0.009479393231435734, 0.6218697276584211, -0.7830807306470144, 0.007912718330641524, 0.012344207913261226, -0.00030089601124430896, -0.9999237620901826], "cam_t_m2c": [-6.444877856228003, 2.265447335319568, 413.4116079814508], "obj_id": 1}]}