{"1": {"cam_K": [2491.484619140625, 0.0, 1301.371186310469, 0.0, 2465.122314453125, 1010.7453219273302, 0.0, 0.0, 1.0], "cam_R_w2c": [-0.7637515996188374, -0.015552619837023725, -0.6453228727512089, -0.01314038303655326, 0.9998771433262199, -0.008545676533378559, 0.6453764981884819, 0.0019530156074966706, -0.7638621350191458], "cam_t_w2c": [268.76347030595275, 3.512732594816312, 324.07566871654393]}, "2": {"cam_K": [2491.484619140625, 0.0, 1301.371186310469, 0.0, 2465.122314453125, 1010.7453219273302, 0.0, 0.0, 1.0], "cam_R_w2c": [-0.8823065692161911, -0.013927986936710077, -0.47046905222112123, 0.2117667800761948, 0.8809302213309241, -0.4232218992467082, 0.42034503538705675, -0.4730411782563601, -0.7743010363542492], "cam_t_w2c": [194.3886166212021, 180.18688235571202, 328.25907306840764]}, "3": {"cam_K": [2491.484619140625, 0.0, 1301.371186310469, 0.0, 2465.122314453125, 1010.7453219273302, 0.0, 0.0, 1.0], "cam_R_w2c": [-0.9999135764881045, -0.011966623465477031, 0.005444215060042081, -0.012664844476840808, 0.7656776954523701, -0.6430997344121894, 0.0035272183324385844, -0.6431131056121483, -0.7657630783217325], "cam_t_w2c": [-8.328994732517199, 273.2407116689537, 323.89337480384995]}, "4": {"cam_K": [2491.484619140625, 0.0, 1301.371186310469, 0.0, 2465.122314453125, 1010.7453219273302, 0.0, 0.0, 1.0], "cam_R_w2c": [-0.8796812533812354, -0.013171109063257126, 0.47538133570394514, -0.23583354771430987, 0.8801266634935453, -0.4120189242985869, -0.4129690426914333, -0.4745561906604815, -0.7773371158540974], "cam_t_w2c": [-207.99483874064475, 174.60149671015603, 327.82396471110115]}, "5": {"cam_K": [2491.484619140625, 0.0, 1301.371186310469, 0.0, 2465.122314453125, 1010.7453219273302, 0.0, 0.0, 1.0], "cam_R_w2c": [-0.769696012817494, -0.015017537787832968, 0.6382339080710516, -0.011419895199707441, 0.9998872062512366, 0.009755038118046502, -0.6383084159290126, 0.0002198496006398176, -0.7697806946270068], "cam_t_w2c": [-277.0183113655366, -3.856724095938234, 323.85768423327613]}, "6": {"cam_K": [2491.484619140625, 0.0, 1301.371186310469, 0.0, 2465.122314453125, 1010.7453219273302, 0.0, 0.0, 1.0], "cam_R_w2c": [-0.8870086926379888, -0.012731048550758108, 0.4615771870310038, 0.20930942585334322, 0.8799368861553442, 0.42649811328078424, -0.41158856086290385, 0.474919989877828, -0.777846938530525], "cam_t_w2c": [-202.85376913953957, -180.3620307811696, 327.90162384731104]}, "7": {"cam_K": [2491.484619140625, 0.0, 1301.371186310469, 0.0, 2465.122314453125, 1010.7453219273302, 0.0, 0.0, 1.0], "cam_R_w2c": [-0.9998154211392787, -0.010108170392382201, -0.016338560016792396, -0.018255168136828346, 0.764919511098278, 0.6438671372088209, 0.005989364607838415, 0.6440465561059449, -0.7649628494768017], "cam_t_w2c": [-0.5808793540695032, -273.67841401439927, 323.418164857813]}, "8": {"cam_K": [2491.484619140625, 0.0, 1301.371186310469, 0.0, 2465.122314453125, 1010.7453219273302, 0.0, 0.0, 1.0], "cam_R_w2c": [-0.8740429622930761, -0.01153977763431869, -0.48571157449467445, -0.2395241244299943, 0.8800177497465281, 0.4101182194769782, 0.42270213375685867, 0.4748005830479975, -0.771937375992863], "cam_t_w2c": [198.97751803662774, -175.2936477592264, 327.4227086215922]}, "9": {"cam_K": [2491.484619140625, 0.0, 1301.371186310469, 0.0, 2465.122314453125, 1010.7453219273302, 0.0, 0.0, 1.0], "cam_R_w2c": [-0.9376633603782756, -0.015407060750260599, -0.34720317550846647, -0.015030619234779169, 0.9998798983926699, -0.003777469475313809, 0.3472196755513806, 0.0016766840057008423, -0.9377823231650226], "cam_t_w2c": [140.47536023022502, 1.5610131596826817, 398.03388968628616]}, "10": {"cam_K": [2491.484619140625, 0.0, 1301.371186310469, 0.0, 2465.122314453125, 1010.7453219273302, 0.0, 0.0, 1.0], "cam_R_w2c": [-0.9998957342389406, -0.014440106873426246, 6.296233016495736e-05, -0.013589442187963405, 0.9394995912645704, -0.3422803603402791, 0.0048834119012282915, -0.3422455278415207, -0.9395978666220716], "cam_t_w2c": [-6.690676063085037, 145.46577489394144, 397.8446308313944]}, "11": {"cam_K": [2491.484619140625, 0.0, 1301.371186310469, 0.0, 2465.122314453125, 1010.7453219273302, 0.0, 0.0, 1.0], "cam_R_w2c": [-0.9418049118697672, -0.014897362370416601, 0.3358296838761885, -0.014031773234135814, 0.9998890281396364, 0.0050040729241755165, -0.33586696371843955, 5.744893333153359e-07, -0.9419094344374549], "cam_t_w2c": [-149.49388563293127, -2.106550216451031, 397.9258248540104]}, "12": {"cam_K": [2491.484619140625, 0.0, 1301.371186310469, 0.0, 2465.122314453125, 1010.7453219273302, 0.0, 0.0, 1.0], "cam_R_w2c": [-0.9998335909362884, -0.013562588632207325, -0.012200271514945094, -0.016926088117628416, 0.9391411992525647, 0.34311414340924384, 0.0068042616415021455, 0.34326354897607614, -0.9392144792154286], "cam_t_w2c": [-2.405330808383019, -145.92696408857034, 397.5535228572467]}, "13": {"cam_K": [2491.484619140625, 0.0, 1301.371186310469, 0.0, 2465.122314453125, 1010.7453219273302, 0.0, 0.0, 1.0], "cam_R_w2c": [-0.9998684374073924, -0.015048845146471378, -0.006053109635365942, -0.015052824427578245, 0.9998865122992276, 0.0006123714162777281, 0.00604320719994728, 0.0007034072471198007, -0.9999814922612494], "cam_t_w2c": [-4.586938327722627, -0.2724690784086362, 423.48874071700175]}}