{"1": [{"cam_R_m2c": [-0.6485369840657673, 0.2852815252703512, -0.7057012339781629, -0.006648618553087893, 0.9249525340236251, 0.38002448036226444, 0.7611541080295188, 0.2511518686825233, -0.5979691987778817], "cam_t_m2c": [13.725629094628836, -1.874517095263847, 405.85154967995845], "obj_id": 1}], "2": [{"cam_R_m2c": [-0.4250533608820765, 0.5400433057094073, -0.7264178331795739, 0.4688938705974156, 0.8178206423063709, 0.3336284387365468, 0.7742533038476747, -0.19880298029973603, -0.6008404085153595], "cam_t_m2c": [7.749895023184299, -13.305337340429396, 406.68304144973985], "obj_id": 1}], "3": [{"cam_R_m2c": [-0.007702547058722103, 0.382650440671827, -0.9238610885963675, 0.6395044152432648, 0.712144252395702, 0.2896284976727225, 0.7687488365214925, -0.5885823680959769, -0.2501919709210995], "cam_t_m2c": [-2.308555037483469, -17.247351035625762, 407.51723789264867], "obj_id": 1}], "4": [{"cam_R_m2c": [0.41032797777558044, 0.13262578232582173, -0.9022424023049829, 0.47041577886380853, 0.816792724084146, 0.3340039533885097, 0.7812425651809858, -0.5614802291671933, 0.2727636460450504], "cam_t_m2c": [-12.237461048745578, -13.436655075039909, 406.95153199922015], "obj_id": 1}], "5": [{"cam_R_m2c": [0.635089522689304, 0.2968124860734046, -0.7131364850301789, -0.004913267504242975, 0.924761043997805, 0.38051658479824807, 0.7724229139355607, -0.2381582658969208, 0.588764369176895], "cam_t_m2c": [-18.37954984578767, -2.325971847466592, 406.1850621133017], "obj_id": 1}], "6": [{"cam_R_m2c": [0.4068553261522852, 0.5445685644304719, -0.733426085039013, -0.47903896873927376, 0.8108191819640593, 0.33629439571360004, 0.7778112946021772, 0.21451650937235137, 0.5907556662411184], "cam_t_m2c": [-13.884206631377758, 9.55762693079844, 405.27219686435996], "obj_id": 1}], "7": [{"cam_R_m2c": [-0.010138344057833483, 0.377459951626588, -0.9259704092992503, -0.6476185281340318, 0.7030882794200276, 0.293695613449854, 0.7618972739137767, 0.6026531807434905, 0.23732190742219314], "cam_t_m2c": [-3.744969323003731, 14.297140409642648, 404.8408156940245], "obj_id": 1}], "8": [{"cam_R_m2c": [-0.4252857846691675, 0.12205960295769962, -0.8967906415012035, -0.4789148943616821, 0.8104244283680079, 0.3374207608652581, 0.767966487105317, 0.572986648387339, -0.28620582707723063], "cam_t_m2c": [6.836255336524878, 10.250002845190991, 404.519265968109], "obj_id": 1}], "9": [{"cam_R_m2c": [-0.3511136914445156, 0.3538920801939118, -0.8668792137640813, -0.006371688791571149, 0.92489930272093, 0.3801587581633244, 0.9363111540840197, 0.139002429483646, -0.3224899181920184], "cam_t_m2c": [4.895311544789877, -1.9800188440653474, 401.8147218625867], "obj_id": 1}], "10": [{"cam_R_m2c": [-0.00905435716414186, 0.3817857158441798, -0.9242065168530742, 0.3378274294961036, 0.871069600810105, 0.3565254246538397, 0.941164516169414, -0.3089942033790975, -0.13686466228252578], "cam_t_m2c": [-2.921535097517745, -10.280509103355504, 402.76086241101405], "obj_id": 1}], "11": [{"cam_R_m2c": [0.33193733897779437, 0.36049042223001393, -0.8717019321263244, -0.004693496273743929, 0.9247166269892854, 0.3806272860191285, 0.9432897614651969, -0.12225307869325967, 0.3086399369248098], "cam_t_m2c": [-11.455487024014595, -2.07736531412627, 402.2231379126929], "obj_id": 1}], "12": [{"cam_R_m2c": [-0.010959456099422029, 0.37868363854711334, -0.925461286180424, -0.3476627775608103, 0.8663325981760881, 0.3586062219707737, 0.9375555895096347, 0.3256785704250834, 0.12215967151689923], "cam_t_m2c": [-3.794976329730059, 6.574763567113449, 401.2597877320134], "obj_id": 1}], "13": [{"cam_R_m2c": [-0.010207238067944085, 0.3804233135441636, -0.9247561380186159, -0.0053969449864803955, 0.9247698870928399, 0.3804885397894524, 0.9999333404161685, 0.008874595110521126, -0.007386222700833976], "cam_t_m2c": [-3.385761767054098, -2.0342080387302297, 400.55868745962175], "obj_id": 1}]}