{"1": [{"cam_R_m2c": [-0.7645996589975659, -0.6444641822413072, -0.007299264952731814, -0.0052611905309287626, -0.005083859127034591, 0.999973236767151, -0.6444840427310853, 0.7646175986625067, 0.0004964681018520295], "cam_t_m2c": [21.556304648207355, -12.23108262881986, 386.14784017333415], "obj_id": 5}], "2": [{"cam_R_m2c": [-0.8805702103351297, -0.42000755908386994, 0.21952165037361407, -0.004306322756054375, 0.47028038090216, 0.8825065546061722, -0.47389614922962453, 0.7761636513332375, -0.41592358203688207], "cam_t_m2c": [7.929179301083703, -31.966744088755267, 392.242340188412], "obj_id": 5}], "3": [{"cam_R_m2c": [-0.9999944063153406, -0.0023518084336500962, -0.0023783050941980537, -0.0033328515312398294, 0.6407120470955519, 0.7677740323866911, -0.00028184871898299913, 0.7677776642386058, -0.6407163013827658], "cam_t_m2c": [-9.002433269707279, -38.12510325446149, 398.7922419557602], "obj_id": 5}], "4": [{"cam_R_m2c": [-0.8815794111985752, 0.4147083189450065, -0.22546563363089375, -0.003555987952887509, 0.47179705562711427, 0.8817000018437462, 0.4720223476705976, 0.7780903215561805, -0.4144518727188209], "cam_t_m2c": [-24.17098549195831, -32.115002365513845, 398.8568155460417], "obj_id": 5}], "5": [{"cam_R_m2c": [-0.7690267383495233, 0.639214872759194, -0.0014906867353604658, -0.004724009325701946, -0.003351342161170814, 0.9999832259801211, 0.6391991547549057, 0.7690208806977644, 0.005596928751311631], "cam_t_m2c": [-36.38964172786786, -12.713760838760994, 395.0251101479467], "obj_id": 5}], "6": [{"cam_R_m2c": [-0.8843257053009611, 0.4119344539024218, 0.21972267209387408, -0.004226863169547053, -0.47767370750856725, 0.8785271554043134, 0.4668513474026871, 0.7759754086587525, 0.4241603288677275], "cam_t_m2c": [-30.420968729754037, 9.953950089429744, 388.4438717886638], "obj_id": 5}], "7": [{"cam_R_m2c": [-0.9999566795208505, -0.004796448993622455, -0.00797703946892528, -0.002985665328298027, -0.6464401261895489, 0.7629588776956319, -0.008816171741986824, 0.7629496427216288, 0.6463978015021042], "cam_t_m2c": [-10.33119655276433, 19.29186672413548, 382.7390416132199], "obj_id": 5}], "8": [{"cam_R_m2c": [-0.8769554518498945, -0.42095295718061293, -0.23183559543703602, -0.0030346843018424887, -0.47755590879632054, 0.878596121471562, -0.480562093971136, 0.7711932065407665, 0.417517798451092], "cam_t_m2c": [11.76356092907604, 10.651310284968698, 381.44601934926357], "obj_id": 5}], "9": [{"cam_R_m2c": [-0.9381733067318606, -0.3461055823194022, -0.006463158914478367, -0.0051152881483373, -0.004807703046948669, 0.9999753596057115, -0.346128127090194, 0.9381832506918678, 0.0027400288819982794], "cam_t_m2c": [5.557896859543488, -12.341158965715906, 380.62458609903274], "obj_id": 5}], "10": [{"cam_R_m2c": [-0.9999876669541089, -0.0037051031975053727, -0.0033072874042169684, -0.0043682591251967915, 0.3393016155870654, 0.9406674927795919, -0.002363102175825461, 0.9406703385726114, -0.33931361581551006], "cam_t_m2c": [-9.578537993518484, -26.9211594783752, 387.4120134269152], "obj_id": 5}], "11": [{"cam_R_m2c": [-0.9415065298377452, 0.336978787789504, -0.003278849310857603, -0.004603565496627114, -0.003132210487395146, 0.9999844981009361, 0.33696329393215063, 0.9415070290961074, 0.004500300547292661], "cam_t_m2c": [-24.551140678049563, -12.468748381009807, 385.56969649872326], "obj_id": 5}], "12": [{"cam_R_m2c": [-0.9999621183806993, -0.0056155059720338915, -0.006650405721672824, -0.004295130502974863, -0.3462034885631147, 0.9381496129939363, -0.007570578415618348, 0.9381426387279594, 0.34616625448329885], "cam_t_m2c": [-10.378638093875308, 3.711907694091387, 378.7814970580479], "obj_id": 5}], "13": [{"cam_R_m2c": [-0.999976790454429, -0.004860314948111189, -0.004774504274372642, -0.004755886927995786, -0.0038348593603182127, 0.9999813375224637, -0.004878533794973523, 0.999980835412505, 0.0038116552466252174], "cam_t_m2c": [-10.004224687542745, -12.41249379621005, 380.42659291126796], "obj_id": 5}]}