{"1": [{"cam_R_m2c": [0.5677201064842082, -0.6469664215251497, 0.5090464911110798, 0.662110644409855, -0.008599978513867767, -0.7493567474365775, 0.4891864422209224, 0.7624699927134847, 0.4234809735498541], "cam_t_m2c": [26.273754001847443, -5.869778005752947, 396.77423797408875], "obj_id": 2}], "2": [{"cam_R_m2c": [0.8053956829274234, -0.4236905493899454, 0.4145167213509194, 0.5863575471654623, 0.4671729003695151, -0.6617660523496613, 0.0867330433224796, 0.7760385296607353, 0.6246931884357521], "cam_t_m2c": [16.43334651955548, -23.957443193648118, 398.5010216967966], "obj_id": 2}], "3": [{"cam_R_m2c": [0.751254067031209, -0.005659249325491596, 0.65998886328948, 0.5109266105183659, 0.6380072435340933, -0.5761082848408482, -0.4178173350081408, 0.7700095649373913, 0.48219699757632817], "cam_t_m2c": [1.4595380424758702, -29.991379821868932, 398.6174434527912], "obj_id": 2}], "4": [{"cam_R_m2c": [0.5172744187477952, 0.4125692179028465, 0.7498091864922463, 0.5852690812920034, 0.4686948674281087, -0.6616534015103068, -0.6244095436432211, 0.7810965124013735, 0.0009798579875672435], "cam_t_m2c": [-14.256426548464864, -24.111015688411154, 395.2128378622127], "obj_id": 2}], "5": [{"cam_R_m2c": [0.5810367724495593, 0.6366627168102694, 0.5070077455869557, 0.6617211251598559, -0.006865735437594422, -0.7497186233475037, -0.47383691453768395, 0.7711118250297208, -0.4252824140741528], "cam_t_m2c": [-25.103106949634274, -6.3492737906169845, 392.24153466931864], "obj_id": 2}], "6": [{"cam_R_m2c": [0.8123479271775281, 0.4082286420419778, 0.416461548077295, 0.579129087078535, -0.4807559877676109, -0.6583943960311328, -0.06855906730669022, 0.7760303190224825, -0.6269582109262959], "cam_t_m2c": [-17.672697389289663, 13.147621703233133, 390.1535192916798], "obj_id": 2}], "7": [{"cam_R_m2c": [0.7475288912984709, -0.008084147385235028, 0.6641800984937256, 0.5013186257317126, -0.6491119766939168, -0.5721304721887951, 0.43575244367477856, 0.7606499117685738, -0.4811772226092159], "cam_t_m2c": [0.0825762896785438, 20.88804080005666, 390.7793412741058], "obj_id": 2}], "8": [{"cam_R_m2c": [0.5055901685423304, -0.42304472974177604, 0.7519386531566564, 0.5782775314093516, -0.480634478688041, -0.6592310631056038, 0.640291869494226, 0.7681299724226328, 0.0016331949036671204], "cam_t_m2c": [17.36705305685236, 13.833509044972686, 393.0268372028204], "obj_id": 2}], "9": [{"cam_R_m2c": [0.7003746183608993, -0.3491897502965938, 0.6225286437133856, 0.6620035265639649, -0.00832334928538477, -0.7494545034046747, 0.26688335424429904, 0.9370150693262496, 0.22533538355712243], "cam_t_m2c": [13.608725367968248, -5.9799759707215205, 389.01269472753853], "obj_id": 2}], "10": [{"cam_R_m2c": [0.7506310500715714, -0.007009255671612546, 0.6606844155899098, 0.6240566357572609, 0.3359919563693887, -0.7054521391436995, -0.21703995492946818, 0.9418387736709553, 0.25658016753873614], "cam_t_m2c": [0.8706427279474456, -19.204713811139136, 390.0410709854763], "obj_id": 2}], "11": [{"cam_R_m2c": [0.7082581380820546, 0.3338644898881204, 0.6220168102489566, 0.6616323397950638, -0.006646211392059896, -0.7497989562619047, -0.2461971908406825, 0.9425976502548032, -0.22560277692501807], "cam_t_m2c": [-12.993859853464166, -6.104409433049967, 386.82081792713836], "obj_id": 2}], "12": [{"cam_R_m2c": [0.748402234555304, -0.008907854543816192, 0.6631853024909813, 0.6190544501513355, -0.3494961313020378, -0.7032951314723551, 0.23804554828944233, 0.936895460727816, -0.256049238638184], "cam_t_m2c": [0.0394536723172898, 7.948084989848985, 385.7928465003149], "obj_id": 2}], "13": [{"cam_R_m2c": [0.749651607570811, -0.008159284398297535, 0.6617823610104823, 0.6617415602641932, -0.007349346111739515, -0.7496960014104662, 0.010980650509449982, 0.9999397047771619, -0.00011011153889186434], "cam_t_m2c": [0.4297147875229541, -6.0501273438820995, 385.55436584778147], "obj_id": 2}]}