{"1": [{"cam_R_m2c": [-0.15471308372534806, -0.7484026561951983, 0.6449475373425084, -0.9783074524605212, 0.20708200967357795, 0.005618694666577047, -0.13776207817978667, -0.6300876966498459, -0.7642061922976519], "cam_t_m2c": [19.321039079525274, -1.9908324626269323, 409.76288342876825], "obj_id": 2}], "2": [{"cam_R_m2c": [-0.40112602998525987, -0.813708568241101, 0.42068548113677784, -0.8636251864673421, 0.18284305404238899, -0.46980842360234176, 0.3053677215547155, -0.5517669649040869, -0.7760823223556987], "cam_t_m2c": [13.96052663480372, -13.702154204725327, 409.49218103674974], "obj_id": 2}], "3": [{"cam_R_m2c": [-0.2098992390203633, -0.9777184568603059, 0.0029880718490027237, -0.7514112124761986, 0.15935811921746387, -0.6403016317365927, 0.6255585497967169, -0.13664409593603774, -0.7681177590851889], "cam_t_m2c": [4.4916507074987715, -17.737755211537767, 407.14659058252624], "obj_id": 2}], "4": [{"cam_R_m2c": [0.032963949583650794, -0.9095587279310189, -0.4142659755185712, -0.8626787590054363, 0.1834043508617395, -0.4713260048478352, 0.5046768637342768, 0.3729152243198205, -0.7786112628788725], "cam_t_m2c": [-6.464063505976159, -13.839380264036546, 403.3284991407389], "obj_id": 2}], "5": [{"cam_R_m2c": [-0.1621692997678441, -0.7521511023435892, -0.6387251658234019, -0.978204344517483, 0.2076081901221219, 0.0038858411366204377, 0.12968183596763538, 0.6254338962972298, -0.7694251508642849], "cam_t_m2c": [-13.544118509620287, -2.4470058622174213, 401.3658683613525], "obj_id": 2}], "6": [{"cam_R_m2c": [-0.40266415160514074, -0.8177603187417405, -0.4112537441817645, -0.859098955948787, 0.18255982693954811, 0.47814317257024097, -0.3159281008391852, 0.5458387771853679, -0.7760473338791448], "cam_t_m2c": [-8.159532215211504, 9.743666345888068, 401.55545554658346], "obj_id": 2}], "7": [{"cam_R_m2c": [-0.204418434634516, -0.9788685416394374, 0.005429711802420065, -0.7457893761094502, 0.1593322133784856, 0.6468473175813442, -0.6340436184237366, 0.1281780947299601, -0.7626002006081112], "cam_t_m2c": [3.0573518389966194, 14.596432741080285, 404.33137995942445], "obj_id": 2}], "8": [{"cam_R_m2c": [0.04071723090449631, -0.905965610904636, 0.42138867920918366, -0.8589134166519911, 0.18373942475079083, 0.47802465050184895, -0.5104996080337707, -0.3814002302705504, -0.7706646576474988], "cam_t_m2c": [13.092949891206384, 10.42785419297429, 407.2474184575883], "obj_id": 2}], "9": [{"cam_R_m2c": [-0.19256233360153066, -0.9179971450415634, 0.3467001433133132, -0.9782787434457819, 0.20722489808035036, 0.005342446792484616, -0.0767492527655516, -0.338140626531524, -0.9379608034927671], "cam_t_m2c": [11.487196321457787, -2.0974962218358306, 403.5906520456706], "obj_id": 2}], "10": [{"cam_R_m2c": [-0.20898910232292772, -0.9779083351594916, 0.004340868098507952, -0.9203886340082913, 0.19519264419209031, -0.33879875153499744, 0.33046681754545537, -0.0748005326110212, -0.940848852272503], "cam_t_m2c": [3.8796009926158597, -10.605409699670403, 402.25129264705737], "obj_id": 2}], "11": [{"cam_R_m2c": [-0.19682871202940122, -0.9209271614281064, -0.33638017400675935, -0.9781801698000305, 0.20772604846116663, 0.003666633427679784, 0.06649822201253272, 0.329762114462354, -0.9417191377127728], "cam_t_m2c": [-5.261379259803017, -2.199353071878369, 399.3528031150369], "obj_id": 2}], "12": [{"cam_R_m2c": [-0.20571546619777614, -0.9785918919567049, 0.00624947706844505, -0.9174637966606974, 0.19507949890904444, 0.34670473161223986, -0.3405015841136465, 0.06558885653822534, -0.9379535026397133], "cam_t_m2c": [3.007679433514695, 6.67118827271185, 400.6807793544525], "obj_id": 2}], "13": [{"cam_R_m2c": [-0.20755224352261673, -0.9782084992305702, 0.005495292695203109, -0.9782089477827794, 0.20757688459477164, 0.004369377488488224, -0.005414857933165185, -0.0044686703845788255, -0.9999753548455865], "cam_t_m2c": [3.4162383065152273, -2.1547277882935667, 399.97649861786095], "obj_id": 2}]}