{"1": [{"cam_R_m2c": [-0.28568730911947654, 0.704000645275528, 0.6502044700397822, 0.9294039706972876, 0.3689572233996287, 0.008878431919585929, -0.23364721410742537, 0.6068390715444278, -0.7597073914257603], "cam_t_m2c": [-6.570189065237347, 0.4435201944998986, 421.46688417763534], "obj_id": 5}], "2": [{"cam_R_m2c": [-0.11650021246147439, 0.8964839740045807, 0.4274858884798258, 0.8207007935225601, 0.3293001496300811, -0.46691714357588465, -0.5593549034449152, 0.2964420614665965, -0.7741086462413175], "cam_t_m2c": [-7.002736411694129, 0.6151616358683296, 422.4853127145601], "obj_id": 5}], "3": [{"cam_R_m2c": [-0.36634328190098714, 0.9304269272990435, 0.009916287756750904, 0.714325346001684, 0.2880534761088156, -0.6377809145476401, -0.5962649577709839, -0.22656329768631112, -0.7701539925728306], "cam_t_m2c": [-7.815368118405337, 0.6567506519791779, 425.13116294020966], "obj_id": 5}], "4": [{"cam_R_m2c": [-0.5306886103013686, 0.7424286332303937, -0.4088634533142477, 0.8202239518083104, 0.3283204472931268, -0.46844247541101225, -0.21354687489248994, -0.5839566837094107, -0.7831936693913959], "cam_t_m2c": [-7.221932847111653, 0.5238608784958554, 427.9534527280278], "obj_id": 5}], "5": [{"cam_R_m2c": [-0.2809402348710688, 0.7210483664839602, -0.6333733793122371, 0.9296101583567337, 0.3684751634604916, 0.007141946004641095, 0.23853204797373678, -0.5867838674534179, -0.7738133851167625], "cam_t_m2c": [-6.582970046818082, 0.03834018889531826, 428.9091228589228], "obj_id": 5}], "6": [{"cam_R_m2c": [-0.11706524685653537, 0.9070604340014701, -0.404397202076726, 0.8163225008564879, 0.31979457552064766, 0.4809875300493838, 0.5656087893357705, -0.27381161139847937, -0.7778906728387307], "cam_t_m2c": [-7.8516536837008735, -0.2376299315121423, 428.26770623171785], "obj_id": 5}], "7": [{"cam_R_m2c": [-0.371545724662342, 0.9283326507435197, 0.012339531946065211, 0.7090153212021696, 0.2751379010158817, 0.6493045585279298, 0.5993755490389543, 0.24999524993103248, -0.7604283833643847], "cam_t_m2c": [-9.326562976814476, 0.002242962149148431, 425.47171296919885], "obj_id": 5}], "8": [{"cam_R_m2c": [-0.5355555261680169, 0.7287658648427883, 0.42670902571991864, 0.8168209257674022, 0.31871038119684325, 0.4808609655043859, 0.2144384611476129, 0.6060726088162072, -0.7659583142856794], "cam_t_m2c": [-9.036946675710404, 0.46435050645481246, 422.2227873498452], "obj_id": 5}], "9": [{"cam_R_m2c": [-0.34789108517380235, 0.8684697758915606, 0.3531742363472415, 0.9294592792419144, 0.36882444032951245, 0.00860118868082323, -0.12278941765356709, 0.3312533480260653, -0.935518026728411], "cam_t_m2c": [-8.881728466442281, 0.34572380383336343, 423.3998160897165], "obj_id": 5}], "10": [{"cam_R_m2c": [-0.36720703487212714, 0.9300710031507379, 0.011265994789664224, 0.874749478004197, 0.3494318476712016, -0.33572419418995764, -0.3161840354474227, -0.11342536282186759, -0.9418929571861714], "cam_t_m2c": [-8.46445274944891, 0.5080313036430497, 425.432775936782], "obj_id": 5}], "11": [{"cam_R_m2c": [-0.3456339592440901, 0.8784856949498022, -0.3298485258202888, 0.929655362230625, 0.3683653004451128, 0.006921914751537351, 0.1275855544060751, -0.3042530019515664, -0.9440084941939633], "cam_t_m2c": [-8.160281784909312, 0.29308536582296796, 427.61319086922543], "obj_id": 5}], "12": [{"cam_R_m2c": [-0.3703127525795805, 0.9288138593798265, 0.013163582372862309, 0.8719241467987288, 0.3426743819233141, 0.34974640842010707, 0.3203384889553338, 0.14099320053610637, -0.936751925483156], "cam_t_m2c": [-9.393800557442951, 0.21442799385102673, 425.5359386170306], "obj_id": 5}], "13": [{"cam_R_m2c": [-0.36857041880873126, 0.9295169174976654, 0.012415573478367864, 0.929596434435091, 0.36850009238275167, 0.007625680262763639, 0.0025130588378924033, 0.014352073005073044, -0.9998938456334922], "cam_t_m2c": [-8.96113935791291, 0.31783409211968516, 425.54899089242315], "obj_id": 5}]}